"Includes Amazon Marketplace, Fulfillment by Amazon (FBA), and Amazon Webstore transactions"
"All amounts in CAD, unless specified"
"Definitions:"
"Date/Time: Posted date/time of the transaction"
"Sales tax collected: Includes sales tax collected from buyers for product sales, shipping, and gift wrap."
"Selling fees: Includes variable closing fees and referral fees."
"Other transaction fees: Includes shipping chargebacks and shipping holdbacks."
"Other: Includes non-order transaction amounts. For more details, see the ""Type"" and ""Description"" columns for each order ID."
"Note: Reports with a start date of Jan 1, 2025 or later are indexed by posted date, include both released and deferred transactions and have two new columns. You may need to update integrations or third-party mappings."
"date/time","settlement id","type","order id","sku","description","quantity","marketplace","fulfillment","order city","order state","order postal","tax collection model","product sales","product sales tax","shipping credits","shipping credits tax","gift wrap credits","gift wrap credits tax","Regulatory fee","Tax on regulatory fee","promotional rebates","promotional rebates tax","marketplace withheld tax","selling fees","fba fees","other transaction fees","other","total","Transaction status","Transaction Release Date"
"Dec 31, 2025 9:40:27 a.m. PST","25245686241","Order","701-9006119-2737038","M4-LZQE-2J02","Wall Mount Brackets Black (Pair) for Bose 321 Satellite Speakers","1","amazon.ca","Amazon","Shelburne","Nova Scotia","B0T 1W","","34.52","0","0","0","0","0","0","0","0","0","0","-5.18","-10.47","0","0","18.87","Released","Dec 31, 2025 9:40:27 a.m. PST"
"Jan 2, 2026 1:59:46 a.m. PST","25245686241","Order","701-2167961-4098642","QU-0W1L-CCVB","USAV Wall Mount Ceiling Bracket for Bose Jewel Cube Speaker - Pair Black","2","amazon.ca","Amazon","Hamilton","ON","L9C4M","","69.58","0","0","0","0","0","0","0","0","0","0","-10.44","-20.94","0","0","38.20","Released","Jan 2, 2026 1:59:46 a.m. PST"
"Jan 2, 2026 2:00:47 a.m. PST","25245686241","Order","702-8899554-0431433","QU-0W1L-CCVB","USAV Wall Mount Ceiling Bracket for Bose Jewel Cube Speaker - Pair Black","2","amazon.ca","Amazon","Brantford","Ontario","N3T 0M","","69.58","0","0","0","0","0","0","0","0","0","0","-10.44","-20.94","0","0","38.20","Released","Jan 2, 2026 2:00:47 a.m. PST"
"Jan 2, 2026 10:32:37 a.m. PST","25245686241","Order","701-1736557-5264250","QU-0W1L-CCVB","USAV Wall Mount Ceiling Bracket for Bose Jewel Cube Speaker - Pair Black","1","amazon.ca","Amazon","Windsor","Ontario","N8S 3J","","34.79","0","0","0","0","0","0","0","0","0","0","-5.22","-10.47","0","0","19.10","Released","Jan 2, 2026 10:32:37 a.m. PST"
"Jan 2, 2026 10:15:06 p.m. PST","25245686241","Order","702-4407807-3344229","F3-OVG8-05XK","USAV Set of 5 Speaker Cable for Bose Lifestyle Acoustimass System - RCA to Bare Wire","1","amazon.ca","Amazon","Brampton","Ontario","L6X 0W","","90.84","0","0","0","0","0","0","0","0","0","0","-13.63","-15.32","0","0","61.89","Released","Jan 2, 2026 10:15:06 p.m. PST"
"Jan 6, 2026 12:42:56 a.m. PST","25358547661","Order","701-2298239-3873823","QU-0W1L-CCVB","USAV Wall Mount Ceiling Bracket for Bose Jewel Cube Speaker - Pair Black","2","amazon.ca","Amazon","Trois-Rivieres","Quebec","G8W 1R","","69.58","0","0","0","0","0","0","0","0","0","0","-10.44","-20.94","0","0","38.20","Released","Jan 6, 2026 12:42:56 a.m. PST"
"Jan 6, 2026 1:54:08 a.m. PST","25358547661","Order","701-7493232-5446616","IY-GO3Y-T1CL","Wall Mount Brackets Black (Pair) for Bose Cinemate Series II Satellite Speakers","1","amazon.ca","Amazon","Ralston","Alberta","T0J 2N","","27.34","0","5.29","0","0","0","0","0","0","0","0","-4.10","-15.37","0","0","13.16","Released","Jan 6, 2026 1:54:08 a.m. PST"
"Jan 7, 2026 1:55:10 a.m. PST","25358547661","Order","701-4760545-2373033","QU-0W1L-CCVB","USAV Wall Mount Ceiling Bracket for Bose Jewel Cube Speaker - Pair Black","1","amazon.ca","Amazon","Beaumont","Quebec","G0R 1C","","34.79","0","0","0","0","0","0","0","0","0","0","-5.22","-10.47","0","0","19.10","Released","Jan 7, 2026 1:55:10 a.m. PST"
"Jan 7, 2026 2:36:05 a.m. PST","25358547661","Order","702-6649030-4749069","QU-0W1L-CCVB","USAV Wall Mount Ceiling Bracket for Bose Jewel Cube Speaker - Pair Black","1","amazon.ca","Amazon","Nipigon","Ontario","P0T 2J","","34.79","0","0","0","0","0","0","0","0","0","0","-5.22","-10.47","0","0","19.10","Released","Jan 7, 2026 2:36:05 a.m. PST"
"Jan 7, 2026 8:36:43 a.m. PST","25358547661","Transfer","","","To account ending with: 786","","","","","","","","0","0","0","0","0","0","0","0","0","0","0","0","0","0","-238.17","-238.17","Released","Jan 7, 2026 8:36:43 a.m. PST"
"Jan 8, 2026 7:31:12 a.m. PST","25358547661","Order","702-2883448-3743409","IY-GO3Y-T1CL","Wall Mount Brackets Black (Pair) for Bose Cinemate Series II Satellite Speakers","1","amazon.ca","Amazon","Saint John","New Brunswick","E2K 2K","","27.34","0","0","0","0","0","0","0","0","0","0","-4.10","-10.08","0","0","13.16","Released","Jan 8, 2026 7:31:12 a.m. PST"
"Jan 8, 2026 8:46:42 a.m. PST","25358547661","Order","702-4380689-2813067","M4-LZQE-2J02","Wall Mount Brackets Black (Pair) for Bose 321 Satellite Speakers","1","amazon.ca","Amazon","Windsor","Ontario","N8P 1L","","34.75","0","0","0","0","0","0","0","0","0","0","-5.21","-10.47","0","0","19.07","Released","Jan 8, 2026 8:46:42 a.m. PST"
"Jan 9, 2026 5:20:38 p.m. PST","25358547661","Service Fee","","","Subscription","","Amazon.ca","","","","","","0","0","0","0","0","0","0","0","0","0","0","0","0","0","-13.27","-13.27","Released","Jan 9, 2026 5:20:38 p.m. PST"
"Jan 11, 2026 1:10:54 a.m. PST","25358547661","Order","701-5944394-4957868","FJ-YYXV-BKTN","USAV Set of 5 Speaker Cable for Bose Lifestyle Acoustimass System - RCA to Bare Wire","1","amazon.ca","Amazon","Shediac","New Brunswick","E4P 0L","","92.41","0","0","0","0","0","0","0","0","0","0","-13.86","-15.32","0","0","63.23","Released","Jan 11, 2026 1:10:54 a.m. PST"
"Jan 11, 2026 3:31:13 a.m. PST","25358547661","Order","701-5842852-5077062","IY-GO3Y-T1CL","Wall Mount Brackets Black (Pair) for Bose Cinemate Series II Satellite Speakers","1","amazon.ca","Amazon","Regina","SK","S4S6M","","27.34","0","0","0","0","0","0","0","0","0","0","-4.10","-10.08","0","0","13.16","Released","Jan 11, 2026 3:31:13 a.m. PST"
"Jan 12, 2026 1:44:57 a.m. PST","25358547661","Refund","701-3039084-0690635","ZU-2VE4-E3YF","Replacement Bose Single Cube Speaker for Bose Lifestyle Acoustimass Home Theater Speaker System","1","amazon.ca","Amazon","Laval","Quebec","H7T 2H","","-125.05","0","0","0","0","0","0","0","0","0","0","8.00","0","0","0","-117.05","Released","Jan 12, 2026 1:44:57 a.m. PST"
"Jan 13, 2026 6:33:11 a.m. PST","25358547661","Refund","701-9664510-3235457","FJ-YYXV-BKTN","USAV Set of 5 Speaker Cable for Bose Lifestyle Acoustimass System - RCA to Bare Wire","1","amazon.ca","Amazon","Winnipeg","Manitoba","R2G 0P","","0","0","0","0","0","0","0","0","0","0","0","0","0","0","0","0","Released","Jan 13, 2026 6:33:11 a.m. PST"
"Jan 13, 2026 8:37:36 p.m. PST","25358547661","Order","701-5235692-6653028","IY-GO3Y-T1CL","Wall Mount Brackets Black (Pair) for Bose Cinemate Series II Satellite Speakers","1","amazon.ca","Amazon","Kitchener","Ontario","N2M 3Z","","27.34","0","0","0","0","0","0","0","0","0","0","-4.10","-10.08","0","0","13.16","Released","Jan 13, 2026 8:37:36 p.m. PST"
"Jan 16, 2026 8:46:21 a.m. PST","25358547661","Order","701-4050699-7761022","FJ-YYXV-BKTN","USAV Set of 5 Speaker Cable for Bose Lifestyle Acoustimass System - RCA to Bare Wire","1","amazon.ca","Amazon","Rouyn Noranda","Québec","J9X2V","","90.96","0","0","0","0","0","0","0","0","0","0","-13.64","-14.29","0","0","63.03","Released","Jan 16, 2026 8:46:21 a.m. PST"
"Jan 18, 2026 12:43:59 a.m. PST","25358547661","Refund","701-2298239-3873823","QU-0W1L-CCVB","USAV Wall Mount Ceiling Bracket for Bose Jewel Cube Speaker - Pair Black","2","amazon.ca","Amazon","Trois-Rivieres","Quebec","G8W 1R","","0","0","0","0","0","0","0","0","0","0","0","0","0","0","0","0","Released","Jan 18, 2026 12:43:59 a.m. PST"
"Jan 18, 2026 2:35:18 p.m. PST","25358547661","Refund","702-8899554-0431433","QU-0W1L-CCVB","USAV Wall Mount Ceiling Bracket for Bose Jewel Cube Speaker - Pair Black","1","amazon.ca","Amazon","Brantford","Ontario","N3T 0M","","0","0","0","0","0","0","0","0","0","0","0","0","0","0","0","0","Released","Jan 18, 2026 2:35:18 p.m. PST"
"Jan 19, 2026 9:06:13 a.m. PST","25358547661","Refund","701-2167961-4098642","QU-0W1L-CCVB","USAV Wall Mount Ceiling Bracket for Bose Jewel Cube Speaker - Pair Black","1","amazon.ca","Amazon","Hamilton","ON","L9C4M","","0","0","0","0","0","0","0","0","0","0","0","0","0","0","0","0","Released","Jan 19, 2026 9:06:13 a.m. PST"
"Jan 20, 2026 11:38:59 p.m. PST","25458794151","Order","701-1049361-7820209","QU-0W1L-CCVB","USAV Wall Mount Ceiling Bracket for Bose Jewel Cube Speaker - Pair Black","1","amazon.ca","Amazon","Hamilton","ON","L9C4M","","34.79","0","0","0","0","0","0","0","0","0","0","-5.22","-9.82","0","0","19.75","Released","Jan 20, 2026 11:38:59 p.m. PST"
"Jan 21, 2026 8:13:46 a.m. PST","25458794151","Transfer","","","To account ending with: 786","","","","","","","","0","0","0","0","0","0","0","0","0","0","0","0","0","0","-144.05","-144.05","Released","Jan 21, 2026 8:13:46 a.m. PST"
"Jan 21, 2026 12:55:02 p.m. PST","25458794151","Order","702-6988117-9605860","IY-GO3Y-T1CL","Wall Mount Brackets Black (Pair) for Bose Cinemate Series II Satellite Speakers","1","amazon.ca","Amazon","Laval","Québec","H7X3X","","27.34","0","0","0","0","0","0","0","0","0","0","-4.10","-9.46","0","0","13.78","Released","Jan 21, 2026 12:55:02 p.m. PST"
"Jan 23, 2026 2:31:18 a.m. PST","25458794151","Order","701-4656515-1061028","QU-0W1L-CCVB","USAV Wall Mount Ceiling Bracket for Bose Jewel Cube Speaker - Pair Black","3","amazon.ca","Amazon","Vancouver","British Columbia","V5P2P","","104.37","0","0","0","0","0","0","0","0","0","0","-15.66","-29.46","0","0","59.25","Released","Jan 23, 2026 2:31:18 a.m. PST"
"Jan 24, 2026 8:27:57 a.m. PST","25458794151","Order","702-2556603-4435439","IY-GO3Y-T1CL","Wall Mount Brackets Black (Pair) for Bose Cinemate Series II Satellite Speakers","1","amazon.ca","Amazon","Ottawa","Ontario","K1V 6J","","27.34","0","0","0","0","0","0","0","0","0","0","-4.10","-9.46","0","0","13.78","Released","Jan 24, 2026 8:27:57 a.m. PST"
"Jan 29, 2026 5:20:07 a.m. PST","25458794151","Order","701-6517915-2021026","QU-0W1L-CCVB","USAV Wall Mount Ceiling Bracket for Bose Jewel Cube Speaker - Pair Black","4","amazon.ca","Amazon","Surrey","British Columbia","V3R 8G","","139.16","0","0","0","0","0","0","0","0","0","0","-20.88","-39.28","0","0","79.00","Released","Jan 29, 2026 5:20:07 a.m. PST"
"Jan 30, 2026 10:57:45 a.m. PST","25458794151","Order","701-7658706-2580224","IY-GO3Y-T1CL","Wall Mount Brackets Black (Pair) for Bose Cinemate Series II Satellite Speakers","1","amazon.ca","Amazon","Whitby","Ontario","L1R 1Y","","27.34","0","0","0","0","0","0","0","0","0","0","-8.20","-9.46","0","0","9.68","Released","Jan 30, 2026 10:57:45 a.m. PST"
"Jan 30, 2026 10:57:45 a.m. PST","25458794151","Order","701-7658706-2580224","IY-GO3Y-T1CL","Wall Mount Brackets Black (Pair) for Bose Cinemate Series II Satellite Speakers","1","amazon.ca","Amazon","Whitby","Ontario","L1R 1Y","","27.34","0","0","0","0","0","0","0","0","0","0","0","-9.46","0","0","17.88","Released","Jan 30, 2026 10:57:45 a.m. PST"
"Feb 2, 2026 8:44:04 a.m. PST","25458794151","Refund","701-4050699-7761022","FJ-YYXV-BKTN","USAV Set of 5 Speaker Cable for Bose Lifestyle Acoustimass System - RCA to Bare Wire","1","amazon.ca","Amazon","Rouyn Noranda","Québec","J9X2V","","0","0","0","0","0","0","0","0","0","0","0","0","0","0","0","0","Released","Feb 2, 2026 8:44:04 a.m. PST"
"Feb 2, 2026 11:25:11 p.m. PST","25578682261","Order","701-6193957-5344205","F3-OVG8-05XK","USAV Set of 5 Speaker Cable for Bose Lifestyle Acoustimass System - RCA to Bare Wire","1","amazon.ca","Amazon","Hillsdale","Ontario","L0L 1V","","89.76","0","0","0","0","0","0","0","0","0","0","-13.46","-14.29","0","0","62.01","Released","Feb 2, 2026 11:25:11 p.m. PST"
"Feb 3, 2026 9:51:52 a.m. PST","25578682261","Order","702-6838228-3542638","QU-0W1L-CCVB","USAV Wall Mount Ceiling Bracket for Bose Jewel Cube Speaker - Pair Black","1","amazon.ca","Amazon","Pitt Meadows","British Columbia","V3Y 1N","","34.79","0","0","0","0","0","0","0","0","0","0","-10.44","-9.82","0","0","14.53","Released","Feb 3, 2026 9:51:52 a.m. PST"
"Feb 3, 2026 9:51:52 a.m. PST","25578682261","Order","702-6838228-3542638","QU-0W1L-CCVB","USAV Wall Mount Ceiling Bracket for Bose Jewel Cube Speaker - Pair Black","1","amazon.ca","Amazon","Pitt Meadows","British Columbia","V3Y 1N","","34.79","0","0","0","0","0","0","0","0","0","0","0","-9.82","0","0","24.97","Released","Feb 3, 2026 9:51:52 a.m. PST"
"Feb 4, 2026 8:15:00 a.m. PST","25578682261","Transfer","","","To account ending with: 786","","","","","","","","0","0","0","0","0","0","0","0","0","0","0","0","0","0","-213.12","-213.12","Released","Feb 4, 2026 8:15:00 a.m. PST"
"Feb 5, 2026 5:20:12 p.m. PST","25578682261","Order","702-5656378-5455417","QU-0W1L-CCVB","USAV Wall Mount Ceiling Bracket for Bose Jewel Cube Speaker - Pair Black","1","amazon.ca","Amazon","victoria","British Columbia","V8Z2T","","34.79","0","0","0","0","0","0","0","0","0","0","-5.22","-9.82","0","0","19.75","Released","Feb 5, 2026 5:20:12 p.m. PST"
"Feb 7, 2026 5:50:00 p.m. PST","25578682261","Order","702-3074067-2335405","M4-LZQE-2J02","Wall Mount Brackets Black (Pair) for Bose 321 Satellite Speakers","1","amazon.ca","Amazon","Varennes","Quebec","J3X 1Z","","34.09","0","0","0","0","0","0","0","0","0","0","-5.11","-9.82","0","0","19.16","Released","Feb 7, 2026 5:50:00 p.m. PST"
"Feb 8, 2026 6:22:43 a.m. PST","25578682261","Refund","701-4656515-1061028","QU-0W1L-CCVB","USAV Wall Mount Ceiling Bracket for Bose Jewel Cube Speaker - Pair Black","1","amazon.ca","Amazon","Vancouver","British Columbia","V5P2P","","0","0","0","0","0","0","0","0","0","0","0","0","0","0","0","0","Released","Feb 8, 2026 6:22:43 a.m. PST"
"Feb 9, 2026 6:16:52 p.m. PST","25578682261","Service Fee","","","Subscription","","Amazon.ca","","","","","","0","0","0","0","0","0","0","0","0","0","0","0","0","0","-13.05","-13.05","Released","Feb 9, 2026 6:16:52 p.m. PST"
"Feb 13, 2026 5:26:07 a.m. PST","25578682261","Order","702-0684986-5673828","QU-0W1L-CCVB","USAV Wall Mount Ceiling Bracket for Bose Jewel Cube Speaker - Pair Black","3","amazon.ca","Amazon","Reaboro","Ontario","K0L 2X","","104.37","0","0","0","0","0","0","0","0","0","0","-15.66","-29.46","0","0","59.25","Released","Feb 13, 2026 5:26:07 a.m. PST"
"Feb 13, 2026 9:44:18 a.m. PST","25578682261","Refund","702-6988117-9605860","IY-GO3Y-T1CL","Wall Mount Brackets Black (Pair) for Bose Cinemate Series II Satellite Speakers","1","amazon.ca","Amazon","Laval","Québec","H7X3X","","-27.34","0","0","0","0","0","0","0","0","0","0","3.28","0","0","0","-24.06","Released","Feb 13, 2026 9:44:18 a.m. PST"
"Feb 16, 2026 4:14:31 a.m. PST","25578682261","Refund","701-6517915-2021026","QU-0W1L-CCVB","USAV Wall Mount Ceiling Bracket for Bose Jewel Cube Speaker - Pair Black","2","amazon.ca","Amazon","Surrey","British Columbia","V3R 8G","","0","0","0","0","0","0","0","0","0","0","0","0","0","0","0","0","Released","Feb 16, 2026 4:14:31 a.m. PST"
"Feb 18, 2026 8:08:12 a.m. PST","25692100421","Transfer","","","To account ending with: 786","","","","","","","","0","0","0","0","0","0","0","0","0","0","0","0","0","0","-162.56","-162.56","Released","Feb 18, 2026 8:08:12 a.m. PST"
"Feb 18, 2026 6:21:20 p.m. PST","25692100421","Order","702-3379664-9530616","QU-0W1L-CCVB","USAV Wall Mount Ceiling Bracket for Bose Jewel Cube Speaker - Pair Black","4","amazon.ca","Amazon","Cornwall","ON","K6H 7G","","139.16","0","0","0","0","0","0","0","0","0","0","-20.88","-39.28","0","0","79.00","Released","Feb 18, 2026 6:21:20 p.m. PST"
"Feb 20, 2026 1:52:09 a.m. PST","25692100421","Order","702-0186346-2616201","RV-DAXK-2RQH","50 ft RCA to Bare Wire Speaker Cable for Rear Bose Cube Speakers/Acoustimass Lifestyle Systems - Single - White","1","amazon.ca","Amazon","Niagara Falls","Ontario","L2G 6L","","45.09","0","0","0","0","0","0","0","0","0","0","-6.76","-10.63","0","0","27.70","Released","Feb 20, 2026 1:52:09 a.m. PST"
"Feb 20, 2026 7:57:37 a.m. PST","25692100421","Order","701-0013934-0792243","QU-0W1L-CCVB","USAV Wall Mount Ceiling Bracket for Bose Jewel Cube Speaker - Pair Black","1","amazon.ca","Amazon","West Vancouver","British Columbia","V7W 2R","","34.79","0","0","0","0","0","0","0","0","0","0","-5.22","-9.82","0","0","19.75","Released","Feb 20, 2026 7:57:37 a.m. PST"
"Feb 26, 2026 10:21:58 p.m. PST","25692100421","Order","701-7236642-7597043","QU-0W1L-CCVB","USAV Wall Mount Ceiling Bracket for Bose Jewel Cube Speaker - Pair Black","1","amazon.ca","Amazon","St-Eustache","Quebec","J7R 4M","","34.79","0","0","0","0","0","0","0","0","0","0","-5.22","-9.82","0","0","19.75","Released","Feb 26, 2026 10:21:58 p.m. PST"
"Feb 26, 2026 11:22:35 p.m. PST","25692100421","Order","701-8576422-2581015","QU-0W1L-CCVB","USAV Wall Mount Ceiling Bracket for Bose Jewel Cube Speaker - Pair Black","1","amazon.ca","Amazon","St-Eustache","Quebec","J7R 4M","","34.79","0","0","0","0","0","0","0","0","0","0","-5.22","-9.82","0","0","19.75","Released","Feb 26, 2026 11:22:35 p.m. PST"
"Feb 28, 2026 11:27:11 p.m. PST","25692100421","Order","701-5250790-0972222","QU-0W1L-CCVB","USAV Wall Mount Ceiling Bracket for Bose Jewel Cube Speaker - Pair Black","1","amazon.ca","Amazon","Smithfalls","Ontario","K7A5H","","34.79","0","0","0","0","0","0","0","0","0","0","-5.22","-9.82","0","0","19.75","Released","Feb 28, 2026 11:27:11 p.m. PST"
"Mar 3, 2026 10:21:48 p.m. PST","25802191631","Order","702-5948649-4268212","QU-0W1L-CCVB","USAV Wall Mount Ceiling Bracket for Bose Jewel Cube Speaker - Pair Black","1","amazon.ca","Amazon","Winkler","Manitoba","R6W 0N","","34.79","0","0","0","0","0","0","0","0","0","0","-10.44","-9.82","0","0","14.53","Released","Mar 3, 2026 10:21:48 p.m. PST"
"Mar 3, 2026 10:21:48 p.m. PST","25802191631","Order","702-5948649-4268212","QU-0W1L-CCVB","USAV Wall Mount Ceiling Bracket for Bose Jewel Cube Speaker - Pair Black","1","amazon.ca","Amazon","Winkler","Manitoba","R6W 0N","","34.79","0","0","0","0","0","0","0","0","0","0","0","-9.82","0","0","24.97","Released","Mar 3, 2026 10:21:48 p.m. PST"
"Mar 4, 2026 8:37:49 a.m. PST","25802191631","Transfer","","","To account ending with: 786","","","","","","","","0","0","0","0","0","0","0","0","0","0","0","0","0","0","-185.70","-185.70","Released","Mar 4, 2026 8:37:49 a.m. PST"
"Mar 4, 2026 10:39:16 p.m. PST","25802191631","Order","702-4049920-7820226","IY-GO3Y-T1CL","Wall Mount Brackets Black (Pair) for Bose Cinemate Series II Satellite Speakers","1","amazon.ca","Amazon","Spruce Grove","Alberta","T7X 4N","","27.34","0","0","0","0","0","0","0","0","0","0","-4.10","-9.46","0","0","13.78","Released","Mar 4, 2026 10:39:16 p.m. PST"
"Mar 9, 2026 2:19:39 p.m. PDT","25802191631","Service Fee","","","Subscription","","Amazon.ca","","","","","","0","0","0","0","0","0","0","0","0","0","0","0","0","0","-18.27","-18.27","Released","Mar 9, 2026 2:19:39 p.m. PDT"
"Mar 13, 2026 8:58:36 p.m. PDT","25802191631","Order","701-8537849-2760240","XJ-285I-S0WO","USAV Wall Mount Brackets for Black Bose 161 151 SE Speaker - Pair","2","amazon.ca","Amazon","Abbotsford","British Columbia","V2S 5G","","73.44","0","0","0","0","0","0","0","0","0","0","-11.02","-19.64","0","0","42.78","Released","Mar 13, 2026 8:58:36 p.m. PDT"
"Mar 15, 2026 5:15:54 p.m. PDT","25802191631","Refund","702-5948649-4268212","QU-0W1L-CCVB","USAV Wall Mount Ceiling Bracket for Bose Jewel Cube Speaker - Pair Black","1","amazon.ca","Amazon","Winkler","Manitoba","R6W 0N","","0","0","0","0","0","0","0","0","0","0","0","0","0","0","0","0","Released","Mar 15, 2026 5:15:54 p.m. PDT"
"Mar 15, 2026 5:15:54 p.m. PDT","25802191631","Refund","702-5948649-4268212","QU-0W1L-CCVB","USAV Wall Mount Ceiling Bracket for Bose Jewel Cube Speaker - Pair Black","1","amazon.ca","Amazon","Winkler","Manitoba","R6W 0N","","0","0","0","0","0","0","0","0","0","0","0","0","0","0","0","0","Released","Mar 15, 2026 5:15:54 p.m. PDT"
"Mar 15, 2026 10:45:27 p.m. PDT","25802191631","Order","702-1569629-9689821","QU-0W1L-CCVB","USAV Wall Mount Ceiling Bracket for Bose Jewel Cube Speaker - Pair Black","1","amazon.ca","Amazon","St-Jean-Sur-Richelieu","Quebec","J3B 7P","","34.79","0","3.25","0","0","0","0","0","0","0","0","-5.22","-13.07","0","0","19.75","Released","Mar 15, 2026 10:45:27 p.m. PDT"
"Mar 17, 2026 10:32:40 a.m. PDT","25911495881","Order","702-1728552-2130609","QU-0W1L-CCVB","USAV Wall Mount Ceiling Bracket for Bose Jewel Cube Speaker - Pair Black","1","amazon.ca","Amazon","Alix","Alberta","T0C 0B","","34.79","0","0","0","0","0","0","0","0","0","0","-5.22","-9.82","0","0","19.75","Released","Mar 17, 2026 10:32:40 a.m. PDT"
"Mar 19, 2026 11:57:17 a.m. PDT","25911495881","Order","701-3804328-8614602","TK-KCDT-JPMG","USAV Solutions Set of 5 Speaker Cable for Bose Lifestyle Acoustimass System - RCA to Bare Wire - White","1","amazon.ca","Amazon","Rawdon","Quebec","J0K 1S","","89.88","0","7.97","0","0","0","0","0","0","0","0","-13.48","-21.60","0","0","62.77","Released","Mar 19, 2026 11:57:17 a.m. PDT"
"Mar 21, 2026 10:29:01 a.m. PDT","25911495881","Order","702-0033115-1185014","FJ-YYXV-BKTN","USAV Set of 5 Speaker Cable for Bose Lifestyle Acoustimass System - RCA to Bare Wire","1","amazon.ca","Amazon","Trenton","Ontario","K8V 5T","","89.80","0","0","0","0","0","0","0","0","0","0","-13.47","-14.29","0","0","62.04","Released","Mar 21, 2026 10:29:01 a.m. PDT"
"Mar 21, 2026 11:18:28 p.m. PDT","25911495881","Order","702-0302078-1093826","QU-0W1L-CCVB","USAV Wall Mount Ceiling Bracket for Bose Jewel Cube Speaker - Pair Black","1","amazon.ca","Amazon","Alix","Alberta","T0C 0B","","34.79","0","0","0","0","0","0","0","0","0","0","-10.44","-9.82","0","0","14.53","Released","Mar 21, 2026 11:18:28 p.m. PDT"
"Mar 21, 2026 11:18:28 p.m. PDT","25911495881","Order","702-0302078-1093826","QU-0W1L-CCVB","USAV Wall Mount Ceiling Bracket for Bose Jewel Cube Speaker - Pair Black","1","amazon.ca","Amazon","Alix","Alberta","T0C 0B","","34.79","0","0","0","0","0","0","0","0","0","0","0","-9.82","0","0","24.97","Released","Mar 21, 2026 11:18:28 p.m. PDT"
"Mar 24, 2026 9:51:50 a.m. PDT","25911495881","Order","702-3212294-2268219","K8-2O45-92RM","USAV Solutions Metal Wall Mount Brackets for Black Bose 151 Speaker - Pair","1","amazon.ca","Amazon","Surrey","British Columbia","V3Z 0T","","57.42","0","0","0","0","0","0","0","0","0","0","-8.61","-12.05","0","0","36.76","Released","Mar 24, 2026 9:51:50 a.m. PDT"
"Mar 26, 2026 9:53:20 a.m. PDT","25911495881","Refund","702-3379664-9530616","QU-0W1L-CCVB","USAV Wall Mount Ceiling Bracket for Bose Jewel Cube Speaker - Pair Black","4","amazon.ca","Amazon","Cornwall","ON","K6H 7G","","-139.16","0","0","0","0","0","0","0","0","0","0","16.70","0","0","0","-122.46","Released","Mar 26, 2026 9:53:20 a.m. PDT"
"Mar 29, 2026 11:45:29 p.m. PDT","25911495881","Refund","702-1569629-9689821","QU-0W1L-CCVB","USAV Wall Mount Ceiling Bracket for Bose Jewel Cube Speaker - Pair Black","1","amazon.ca","Amazon","St-Jean-Sur-Richelieu","Quebec","J3B 7P","","0","0","0","0","0","0","0","0","0","0","0","0","0","0","0","0","Released","Mar 29, 2026 11:45:29 p.m. PDT"
"Mar 31, 2026 7:39:25 p.m. PDT","26031210111","Refund","701-8537849-2760240","XJ-285I-S0WO","USAV Wall Mount Brackets for Black Bose 161 151 SE Speaker - Pair","1","amazon.ca","Amazon","Abbotsford","British Columbia","V2S 5G","","0","0","0","0","0","0","0","0","0","0","0","0","0","0","0","0","Released","Mar 31, 2026 7:39:25 p.m. PDT"
"Apr 1, 2026 11:22:11 a.m. PDT","26031210111","Transfer","","","To account ending with: 786","","","","","","","","0","0","0","0","0","0","0","0","0","0","0","0","0","0","-57.60","-57.60","Released","Apr 1, 2026 11:22:11 a.m. PDT"
"Apr 5, 2026 2:30:34 a.m. PDT","26031210111","Order","702-4472927-5648245","PO-BE51-TWC2","USAV Solutions Metal Wall Mount Brackets for Black Bose 151 Speaker - Pair","1","amazon.ca","Amazon","Edmonton","Alberta","T5B 3M","","57.88","0","0","0","0","0","0","0","0","0","0","-8.68","-12.05","0","0","37.15","Released","Apr 5, 2026 2:30:34 a.m. PDT"
"Apr 7, 2026 6:47:18 p.m. PDT","26031210111","Refund","701-3804328-8614602","TK-KCDT-JPMG","USAV Solutions Set of 5 Speaker Cable for Bose Lifestyle Acoustimass System - RCA to Bare Wire - White","1","amazon.ca","Amazon","Rawdon","Quebec","J0K 1S","","0","0","0","0","0","0","0","0","0","0","0","0","0","0","0","0","Released","Apr 7, 2026 6:47:18 p.m. PDT"
"Apr 8, 2026 10:49:35 p.m. PDT","26157558371","Order","702-1676820-2128256","F3-OVG8-05XK","USAV Set of 5 Speaker Cable for Bose Lifestyle Acoustimass System - RCA to Bare Wire","1","amazon.ca","Amazon","Les Coteaux","Quebec","J7X 1A","","91.11","0","8.37","0","0","0","0","0","0","0","0","-13.67","-22.66","0","0","63.15","Released","Apr 18, 2026 2:24:22 p.m. PDT"
"Apr 9, 2026 5:26:31 p.m. PDT","26031210111","Service Fee","","","Subscription","","Amazon.ca","","","","","","0","0","0","0","0","0","0","0","0","0","0","0","0","0","-18.35","-18.35","Released","Apr 9, 2026 5:26:31 p.m. PDT"
"Apr 9, 2026 11:04:11 p.m. PDT","26157558371","Order","701-3606380-4016225","F3-OVG8-05XK","USAV Set of 5 Speaker Cable for Bose Lifestyle Acoustimass System - RCA to Bare Wire","1","amazon.ca","Amazon","Montreal","Quebec","H1L 6J","","90.72","0","0","0","0","0","0","0","0","0","0","-13.61","-14.29","0","0","62.82","Released","Apr 20, 2026 8:29:15 p.m. PDT"
"Apr 15, 2026 9:16:48 a.m. PDT","26157558371","Transfer","","","To account ending with: 786","","","","","","","","0","0","0","0","0","0","0","0","0","0","0","0","0","0","-119.95","-119.95","Released","Apr 15, 2026 9:16:48 a.m. PDT"
"Apr 16, 2026 5:36:37 p.m. PDT","26157558371","Order","701-4208592-7909838","FJ-YYXV-BKTN","USAV Set of 5 Speaker Cable for Bose Lifestyle Acoustimass System - RCA to Bare Wire","1","amazon.ca","Amazon","Repentigny","Quebec","J6A 5K","","90.89","0","0","0","0","0","0","0","0","0","0","-13.63","-14.29","0","0","62.97","Released","Apr 27, 2026 8:13:31 a.m. PDT"
"Apr 17, 2026 3:06:37 a.m. PDT","26157558371","Refund","701-3606380-4016225","F3-OVG8-05XK","USAV Set of 5 Speaker Cable for Bose Lifestyle Acoustimass System - RCA to Bare Wire","1","amazon.ca","Amazon","Montreal","Quebec","H1L 6J","","-90.72","0","0","0","0","0","0","0","0","0","0","10.89","0","0","0","-79.83","Released","Apr 20, 2026 8:22:34 p.m. PDT"
"Apr 17, 2026 9:54:43 a.m. PDT","26157558371","Order","702-7393568-9770611","XO-85M2-PWLI","USAV Wall Mount Brackets for White Bose 151 Speaker - Pair","1","amazon.ca","Amazon","Calgary","Alberta","T3J 2S","","35.82","0","0","0","0","0","0","0","0","0","0","-5.37","-10.16","0","0","20.29","Released","Apr 27, 2026 6:37:01 a.m. PDT"
"Apr 19, 2026 2:30:46 a.m. PDT","26293354081","Order","701-5497960-8176254","XJ-285I-S0WO","USAV Wall Mount Brackets for Black Bose 161 151 SE Speaker - Pair","1","amazon.ca","Amazon","Orleans","Ontario","K1C 0A","","36.72","0","0","0","0","0","0","0","0","0","0","-5.51","-10.16","0","0","21.05","Released","Apr 28, 2026 9:57:34 a.m. PDT"
"Apr 21, 2026 11:50:11 p.m. PDT","26157558371","Refund","702-1676820-2128256","F3-OVG8-05XK","USAV Set of 5 Speaker Cable for Bose Lifestyle Acoustimass System - RCA to Bare Wire","1","amazon.ca","Amazon","Les Coteaux","Quebec","J7X 1A","","0","0","0","0","0","0","0","0","0","0","0","0","0","0","0","0","Released","Apr 21, 2026 11:50:11 p.m. PDT"
"Apr 25, 2026 9:59:52 p.m. PDT","26293354081","Order","702-2866456-0753067","F3-OVG8-05XK","USAV Set of 5 Speaker Cable for Bose Lifestyle Acoustimass System - RCA to Bare Wire","1","amazon.ca","Amazon","Hamilton","Ontario","L8V 2T","MarketplaceFacilitator","83.01","10.79","0","0","0","0","0","0","0","0","-10.79","-12.45","-8.88","0","0","61.68","Released","May 3, 2026 11:31:37 p.m. PDT"
"Apr 27, 2026 2:38:33 a.m. PDT","26293354081","Order","702-3963586-1055430","IY-GO3Y-T1CL","Wall Mount Brackets Black (Pair) for Bose Cinemate Series II Satellite Speakers","1","amazon.ca","Amazon","EDMONTON","Alberta","T5Y3N","","27.34","0","0","0","0","0","0","0","0","0","0","-4.10","-9.79","0","0","13.45","Released","May 7, 2026 1:46:11 a.m. PDT"
"Apr 28, 2026 11:25:59 a.m. PDT","26293354081","Refund","701-4208592-7909838","FJ-YYXV-BKTN","USAV Set of 5 Speaker Cable for Bose Lifestyle Acoustimass System - RCA to Bare Wire","1","amazon.ca","Amazon","Repentigny","Quebec","J6A 5K","","0","0","0","0","0","0","0","0","0","0","0","0","0","0","0","0","Released","Apr 28, 2026 11:25:59 a.m. PDT"
"Apr 29, 2026 1:44:37 p.m. PDT","26293354081","Transfer","","","To account ending with: 786","","","","","","","","0","0","0","0","0","0","0","0","0","0","0","0","0","0","-166.55","-166.55","Released","Apr 29, 2026 1:44:37 p.m. PDT"
"Apr 29, 2026 11:18:27 p.m. PDT","26293354081","Order","702-0694730-3289035","XO-85M2-PWLI","USAV Wall Mount Brackets for White Bose 151 Speaker - Pair","1","amazon.ca","Amazon","Stoney Creek","Ontario","L8G 4A","","35.58","0","0","0","0","0","0","0","0","0","0","-5.34","-10.16","0","0","20.08","Released","May 8, 2026 1:15:08 p.m. PDT"
"Apr 30, 2026 2:39:04 a.m. PDT","26293354081","Order","702-6884482-7491439","NV-E7S6-TME8","Replacement Bose Single Cube Speaker (White) for Bose Lifestyle Acoustimass Home Theater Speaker System","1","amazon.ca","Amazon","Calgary","Alberta","T2G 2P","","130.17","0","0","0","0","0","0","0","0","0","0","-10.41","-14.11","0","0","105.65","Deferred",
"Apr 30, 2026 1:22:57 p.m. PDT","26293354081","Order","701-0271795-9785020","FJ-YYXV-BKTN","USAV Set of 5 Speaker Cable for Bose Lifestyle Acoustimass System - RCA to Bare Wire","1","amazon.ca","Amazon","Haliburton","Ontario","K0M 1S","","90.06","0","0","0","0","0","0","0","0","0","0","-13.51","-14.79","0","0","61.76","Deferred",
"May 1, 2026 3:04:39 a.m. PDT","26293354081","Order","702-5536613-5318661","IY-GO3Y-T1CL","Wall Mount Brackets Black (Pair) for Bose Cinemate Series II Satellite Speakers","1","amazon.ca","Amazon","EDMONTON","Alberta","T5Y3N","","27.34","0","0","0","0","0","0","0","0","0","0","-4.10","-9.79","0","0","13.45","Deferred",
"May 1, 2026 4:53:31 a.m. PDT","26293354081","Refund","702-3963586-1055430","IY-GO3Y-T1CL","Wall Mount Brackets Black (Pair) for Bose Cinemate Series II Satellite Speakers","1","amazon.ca","Amazon","EDMONTON","Alberta","T5Y3N","","-27.34","0","0","0","0","0","0","0","0","0","0","3.28","0","0","0","-24.06","Released","May 6, 2026 8:23:04 p.m. PDT"
"May 1, 2026 10:24:46 p.m. PDT","26293354081","Order","702-3961117-1313800","IY-GO3Y-T1CL","Wall Mount Brackets Black (Pair) for Bose Cinemate Series II Satellite Speakers","1","amazon.ca","Amazon","Cambridge","ON","N3C 2V","","27.34","0","0","0","0","0","0","0","0","0","0","-4.10","-9.79","0","0","13.45","Deferred",
"May 3, 2026 9:19:32 a.m. PDT","26293354081","Order","702-2891752-0006622","FJ-YYXV-BKTN","USAV Set of 5 Speaker Cable for Bose Lifestyle Acoustimass System - RCA to Bare Wire","1","amazon.ca","Amazon","Saint-Jerome","Quebec","J5L 0A","","89.80","0","0","0","0","0","0","0","0","0","0","-13.47","-14.79","0","0","61.54","Deferred",
"May 5, 2026 6:20:23 p.m. PDT","26293354081","Adjustment","","","Other","","","","","","","","0","0","0","0","0","0","0","0","0","0","0","0","0","0","12.43","12.43","Released","May 5, 2026 6:20:23 p.m. PDT"
"May 5, 2026 9:33:59 p.m. PDT","26293354081","Adjustment","702-3379664-9530616","QU-0W1L-CCVB","FBA Inventory Reimbursement - Customer Return","1","","","","","","","0","0","0","0","0","0","0","0","0","0","0","0","0","0","19.41","19.41","Released","May 5, 2026 9:33:59 p.m. PDT"
"May 5, 2026 9:39:36 p.m. PDT","26293354081","Adjustment","702-3379664-9530616","QU-0W1L-CCVB","FBA Inventory Reimbursement - Customer Return","1","","","","","","","0","0","0","0","0","0","0","0","0","0","0","0","0","0","19.41","19.41","Released","May 5, 2026 9:39:36 p.m. PDT"
"May 6, 2026 12:10:25 a.m. PDT","26293354081","Adjustment","702-3379664-9530616","QU-0W1L-CCVB","FBA Inventory Reimbursement - Customer Return","1","","","","","","","0","0","0","0","0","0","0","0","0","0","0","0","0","0","19.41","19.41","Released","May 6, 2026 12:10:25 a.m. PDT"
"May 6, 2026 12:34:56 a.m. PDT","26293354081","Adjustment","702-3379664-9530616","QU-0W1L-CCVB","FBA Inventory Reimbursement - Customer Return","1","","","","","","","0","0","0","0","0","0","0","0","0","0","0","0","0","0","19.41","19.41","Released","May 6, 2026 12:34:56 a.m. PDT"
"May 6, 2026 7:03:18 a.m. PDT","26293354081","Refund","701-0271795-9785020","FJ-YYXV-BKTN","USAV Set of 5 Speaker Cable for Bose Lifestyle Acoustimass System - RCA to Bare Wire","1","amazon.ca","Amazon","Haliburton","Ontario","K0M 1S","","-90.06","0","0","0","0","0","0","0","0","0","0","10.81","0","0","0","-79.25","Deferred",
"May 7, 2026 5:21:44 p.m. PDT","26293354081","FBA Inventory Fee","","","FBA storage fee","","Amazon.ca","","","","","","0","0","0","0","0","0","0","0","0","0","0","0","0","0","-0.06","-0.06","Released","May 7, 2026 5:21:44 p.m. PDT"
"May 7, 2026 9:27:55 p.m. PDT","26293354081","Order","701-2146291-8552255","QU-0W1L-CCVB","USAV Wall Mount Ceiling Bracket for Bose Jewel Cube Speaker - Pair Black","1","amazon.ca","Amazon","Iron Bound Cove","New Brunswick","E4A 0B","","34.79","0","0","0","0","0","0","0","0","0","0","-5.22","-10.16","0","0","19.41","Deferred",
